{"name":"Asana","targetUrl":"https://app.asana.com/","counter":false,"bounce":false,"width":1280,"height":800,"showMenuBar":false,"fastQuit":false,"userAgent":"Mozilla/5.0 (X11; Linux x86_64) AppleWebKit/537.36 (KHTML, like Gecko) Chrome/73.0.3683.121 Safari/537.36","nativefierVersion":"7.7.1","ignoreCertificate":false,"disableGpu":false,"ignoreGpuBlacklist":false,"enableEs3Apis":false,"insecure":false,"flashPluginDir":null,"diskCacheSize":null,"fullScreen":false,"maximize":false,"zoom":1,"internalUrls":null,"proxyRules":null,"singleInstance":false,"clearCache":false,"win32metadata":{"ProductName":"Asana","InternalName":"Asana","FileDescription":"Asana"},"tray":false,"basicAuthUsername":null,"basicAuthPassword":null,"alwaysOnTop":false,"titleBarStyle":null,"globalShortcuts":null,"backgroundColor":null,"darwinDarkModeSupport":false}